name,buffer_hit_ratio,buffer_size_ratio,query_latency
Sphinx-Loop,0.6,0.1,21063
Sphinx-Loop,0.6,0.1,21067
Sphinx-Loop,0.6,0.1,21077
Sphinx-Loop,0.6,0.1,21273
Sphinx-Loop,0.6,0.1,21301
Sphinx-Loop,0.6,0.1,21309
Sphinx-Loop,0.6,0.1,21353
Sphinx-Loop,0.6,0.1,21370
Sphinx-Loop,0.6,0.1,21433
Sphinx-Loop,0.6,0.1,21600
Sphinx,0.6,0.1,20525
Sphinx,0.6,0.1,20625
Sphinx,0.6,0.1,20672
Sphinx,0.6,0.1,20684
Sphinx,0.6,0.1,20734
Sphinx,0.6,0.1,20752
Sphinx,0.6,0.1,20766
Sphinx,0.6,0.1,20791
Sphinx,0.6,0.1,20848
Sphinx,0.6,0.1,20963
Sphinx-Loop,0.6,0.05,21051
Sphinx-Loop,0.6,0.05,21111
Sphinx-Loop,0.6,0.05,21178
Sphinx-Loop,0.6,0.05,21205
Sphinx-Loop,0.6,0.05,21262
Sphinx-Loop,0.6,0.05,21309
Sphinx-Loop,0.6,0.05,21325
Sphinx-Loop,0.6,0.05,21339
Sphinx-Loop,0.6,0.05,21355
Sphinx-Loop,0.6,0.05,21368
Sphinx,0.6,0.05,20524
Sphinx,0.6,0.05,20590
Sphinx,0.6,0.05,20623
Sphinx,0.6,0.05,20725
Sphinx,0.6,0.05,20771
Sphinx,0.6,0.05,20791
Sphinx,0.6,0.05,20836
Sphinx,0.6,0.05,20883
Sphinx,0.6,0.05,20938
Sphinx,0.6,0.05,21053
Sphinx-Loop,0.6,0.1,20903
Sphinx-Loop,0.6,0.1,21027
Sphinx-Loop,0.6,0.1,21030
Sphinx-Loop,0.6,0.1,21052
Sphinx-Loop,0.6,0.1,21158
Sphinx-Loop,0.6,0.1,21192
Sphinx-Loop,0.6,0.1,21316
Sphinx-Loop,0.6,0.1,21328
Sphinx-Loop,0.6,0.1,21336
Sphinx-Loop,0.6,0.1,21399
Sphinx,0.6,0.1,20399
Sphinx,0.6,0.1,20595
Sphinx,0.6,0.1,20632
Sphinx,0.6,0.1,20645
Sphinx,0.6,0.1,20707
Sphinx,0.6,0.1,20807
Sphinx,0.6,0.1,20867
Sphinx,0.6,0.1,20879
Sphinx,0.6,0.1,20947
Sphinx,0.6,0.1,20962
Sphinx-Loop,0.6,0.05,20769
Sphinx-Loop,0.6,0.05,20899
Sphinx-Loop,0.6,0.05,20949
Sphinx-Loop,0.6,0.05,20957
Sphinx-Loop,0.6,0.05,20977
Sphinx-Loop,0.6,0.05,21053
Sphinx-Loop,0.6,0.05,21064
Sphinx-Loop,0.6,0.05,21142
Sphinx-Loop,0.6,0.05,21229
Sphinx-Loop,0.6,0.05,21285
Sphinx,0.6,0.05,20548
Sphinx,0.6,0.05,20560
Sphinx,0.6,0.05,20603
Sphinx,0.6,0.05,20657
Sphinx,0.6,0.05,20768
Sphinx,0.6,0.05,20770
Sphinx,0.6,0.05,20783
Sphinx,0.6,0.05,20811
Sphinx,0.6,0.05,20821
Sphinx,0.6,0.05,20906
Sphinx-Loop,0.65,0.1,18492
Sphinx-Loop,0.65,0.1,18667
Sphinx-Loop,0.65,0.1,18679
Sphinx-Loop,0.65,0.1,18698
Sphinx-Loop,0.65,0.1,18720
Sphinx-Loop,0.65,0.1,18739
Sphinx-Loop,0.65,0.1,18745
Sphinx-Loop,0.65,0.1,18747
Sphinx-Loop,0.65,0.1,18803
Sphinx-Loop,0.65,0.1,18884
Sphinx,0.65,0.1,17969
Sphinx,0.65,0.1,18074
Sphinx,0.65,0.1,18123
Sphinx,0.65,0.1,18149
Sphinx,0.65,0.1,18234
Sphinx,0.65,0.1,18239
Sphinx,0.65,0.1,18294
Sphinx,0.65,0.1,18297
Sphinx,0.65,0.1,18354
Sphinx,0.65,0.1,18366
Sphinx-Loop,0.65,0.05,18408
Sphinx-Loop,0.65,0.05,18476
Sphinx-Loop,0.65,0.05,18493
Sphinx-Loop,0.65,0.05,18550
Sphinx-Loop,0.65,0.05,18613
Sphinx-Loop,0.65,0.05,18654
Sphinx-Loop,0.65,0.05,18737
Sphinx-Loop,0.65,0.05,18749
Sphinx-Loop,0.65,0.05,18785
Sphinx-Loop,0.65,0.05,18795
Sphinx,0.65,0.05,18020
Sphinx,0.65,0.05,18114
Sphinx,0.65,0.05,18148
Sphinx,0.65,0.05,18175
Sphinx,0.65,0.05,18183
Sphinx,0.65,0.05,18205
Sphinx,0.65,0.05,18209
Sphinx,0.65,0.05,18243
Sphinx,0.65,0.05,18257
Sphinx,0.65,0.05,18388
Sphinx-Loop,0.7,0.1,15938
Sphinx-Loop,0.7,0.1,16012
Sphinx-Loop,0.7,0.1,16014
Sphinx-Loop,0.7,0.1,16144
Sphinx-Loop,0.7,0.1,16194
Sphinx-Loop,0.7,0.1,16263
Sphinx-Loop,0.7,0.1,16355
Sphinx-Loop,0.7,0.1,16404
Sphinx-Loop,0.7,0.1,16424
Sphinx-Loop,0.7,0.1,16496
Sphinx,0.7,0.1,15364
Sphinx,0.7,0.1,15406
Sphinx,0.7,0.1,15488
Sphinx,0.7,0.1,15547
Sphinx,0.7,0.1,15713
Sphinx,0.7,0.1,15715
Sphinx,0.7,0.1,15735
Sphinx,0.7,0.1,15743
Sphinx,0.7,0.1,15797
Sphinx,0.7,0.1,15934
Sphinx-Loop,0.7,0.05,15945
Sphinx-Loop,0.7,0.05,16096
Sphinx-Loop,0.7,0.05,16144
Sphinx-Loop,0.7,0.05,16155
Sphinx-Loop,0.7,0.05,16165
Sphinx-Loop,0.7,0.05,16180
Sphinx-Loop,0.7,0.05,16276
Sphinx-Loop,0.7,0.05,16326
Sphinx-Loop,0.7,0.05,16350
Sphinx-Loop,0.7,0.05,16390
Sphinx,0.7,0.05,15317
Sphinx,0.7,0.05,15422
Sphinx,0.7,0.05,15475
Sphinx,0.7,0.05,15600
Sphinx,0.7,0.05,15608
Sphinx,0.7,0.05,15664
Sphinx,0.7,0.05,15666
Sphinx,0.7,0.05,15708
Sphinx,0.7,0.05,15731
Sphinx,0.7,0.05,15746
Sphinx-Loop,0.75,0.1,13569
Sphinx-Loop,0.75,0.1,13650
Sphinx-Loop,0.75,0.1,13703
Sphinx-Loop,0.75,0.1,13709
Sphinx-Loop,0.75,0.1,13723
Sphinx-Loop,0.75,0.1,13731
Sphinx-Loop,0.75,0.1,13746
Sphinx-Loop,0.75,0.1,13803
Sphinx-Loop,0.75,0.1,13878
Sphinx-Loop,0.75,0.1,13892
Sphinx,0.75,0.1,12904
Sphinx,0.75,0.1,12944
Sphinx,0.75,0.1,12968
Sphinx,0.75,0.1,13005
Sphinx,0.75,0.1,13054
Sphinx,0.75,0.1,13056
Sphinx,0.75,0.1,13083
Sphinx,0.75,0.1,13094
Sphinx,0.75,0.1,13147
Sphinx,0.75,0.1,13244
Sphinx-Loop,0.75,0.05,13552
Sphinx-Loop,0.75,0.05,13554
Sphinx-Loop,0.75,0.05,13576
Sphinx-Loop,0.75,0.05,13627
Sphinx-Loop,0.75,0.05,13672
Sphinx-Loop,0.75,0.05,13751
Sphinx-Loop,0.75,0.05,13754
Sphinx-Loop,0.75,0.05,13809
Sphinx-Loop,0.75,0.05,13882
Sphinx-Loop,0.75,0.05,14092
Sphinx,0.75,0.05,13002
Sphinx,0.75,0.05,13002
Sphinx,0.75,0.05,13005
Sphinx,0.75,0.05,13061
Sphinx,0.75,0.05,13069
Sphinx,0.75,0.05,13090
Sphinx,0.75,0.05,13137
Sphinx,0.75,0.05,13138
Sphinx,0.75,0.05,13250
Sphinx,0.75,0.05,13261
Sphinx-Loop,0.8,0.1,11135
Sphinx-Loop,0.8,0.1,11139
Sphinx-Loop,0.8,0.1,11145
Sphinx-Loop,0.8,0.1,11203
Sphinx-Loop,0.8,0.1,11214
Sphinx-Loop,0.8,0.1,11221
Sphinx-Loop,0.8,0.1,11292
Sphinx-Loop,0.8,0.1,11303
Sphinx-Loop,0.8,0.1,11322
Sphinx-Loop,0.8,0.1,11509
Sphinx,0.8,0.1,10328
Sphinx,0.8,0.1,10399
Sphinx,0.8,0.1,10426
Sphinx,0.8,0.1,10453
Sphinx,0.8,0.1,10453
Sphinx,0.8,0.1,10472
Sphinx,0.8,0.1,10487
Sphinx,0.8,0.1,10559
Sphinx,0.8,0.1,10567
Sphinx,0.8,0.1,10602
Sphinx-Loop,0.8,0.05,11038
Sphinx-Loop,0.8,0.05,11047
Sphinx-Loop,0.8,0.05,11128
Sphinx-Loop,0.8,0.05,11136
Sphinx-Loop,0.8,0.05,11167
Sphinx-Loop,0.8,0.05,11231
Sphinx-Loop,0.8,0.05,11245
Sphinx-Loop,0.8,0.05,11292
Sphinx-Loop,0.8,0.05,11315
Sphinx-Loop,0.8,0.05,11394
Sphinx,0.8,0.05,10332
Sphinx,0.8,0.05,10341
Sphinx,0.8,0.05,10389
Sphinx,0.8,0.05,10416
Sphinx,0.8,0.05,10472
Sphinx,0.8,0.05,10475
Sphinx,0.8,0.05,10485
Sphinx,0.8,0.05,10518
Sphinx,0.8,0.05,10539
Sphinx,0.8,0.05,10551
Sphinx-Loop,0.85,0.1,8641
Sphinx-Loop,0.85,0.1,8651
Sphinx-Loop,0.85,0.1,8651
Sphinx-Loop,0.85,0.1,8666
Sphinx-Loop,0.85,0.1,8708
Sphinx-Loop,0.85,0.1,8756
Sphinx-Loop,0.85,0.1,8758
Sphinx-Loop,0.85,0.1,8820
Sphinx-Loop,0.85,0.1,8830
Sphinx-Loop,0.85,0.1,8903
Sphinx,0.85,0.1,7930
Sphinx,0.85,0.1,7931
Sphinx,0.85,0.1,7933
Sphinx,0.85,0.1,7969
Sphinx,0.85,0.1,7969
Sphinx,0.85,0.1,8012
Sphinx,0.85,0.1,8022
Sphinx,0.85,0.1,8080
Sphinx,0.85,0.1,8081
Sphinx,0.85,0.1,8166
Sphinx-Loop,0.85,0.05,8489
Sphinx-Loop,0.85,0.05,8600
Sphinx-Loop,0.85,0.05,8666
Sphinx-Loop,0.85,0.05,8736
Sphinx-Loop,0.85,0.05,8736
Sphinx-Loop,0.85,0.05,8767
Sphinx-Loop,0.85,0.05,8806
Sphinx-Loop,0.85,0.05,8841
Sphinx-Loop,0.85,0.05,8932
Sphinx-Loop,0.85,0.05,8980
Sphinx,0.85,0.05,7941
Sphinx,0.85,0.05,8005
Sphinx,0.85,0.05,8022
Sphinx,0.85,0.05,8053
Sphinx,0.85,0.05,8082
Sphinx,0.85,0.05,8091
Sphinx,0.85,0.05,8106
Sphinx,0.85,0.05,8127
Sphinx,0.85,0.05,8129
Sphinx,0.85,0.05,8139
Sphinx-Loop,0.9,0.1,5997
Sphinx-Loop,0.9,0.1,6025
Sphinx-Loop,0.9,0.1,6032
Sphinx-Loop,0.9,0.1,6037
Sphinx-Loop,0.9,0.1,6056
Sphinx-Loop,0.9,0.1,6063
Sphinx-Loop,0.9,0.1,6106
Sphinx-Loop,0.9,0.1,6162
Sphinx-Loop,0.9,0.1,6229
Sphinx-Loop,0.9,0.1,6310
Sphinx,0.9,0.1,5392
Sphinx,0.9,0.1,5432
Sphinx,0.9,0.1,5441
Sphinx,0.9,0.1,5465
Sphinx,0.9,0.1,5507
Sphinx,0.9,0.1,5530
Sphinx,0.9,0.1,5534
Sphinx,0.9,0.1,5553
Sphinx,0.9,0.1,5619
Sphinx,0.9,0.1,5628
Sphinx-Loop,0.9,0.05,5900
Sphinx-Loop,0.9,0.05,5913
Sphinx-Loop,0.9,0.05,5949
Sphinx-Loop,0.9,0.05,5957
Sphinx-Loop,0.9,0.05,5999
Sphinx-Loop,0.9,0.05,5999
Sphinx-Loop,0.9,0.05,6075
Sphinx-Loop,0.9,0.05,6084
Sphinx-Loop,0.9,0.05,6117
Sphinx-Loop,0.9,0.05,6139
Sphinx,0.9,0.05,5282
Sphinx,0.9,0.05,5310
Sphinx,0.9,0.05,5378
Sphinx,0.9,0.05,5418
Sphinx,0.9,0.05,5447
Sphinx,0.9,0.05,5496
Sphinx,0.9,0.05,5499
Sphinx,0.9,0.05,5537
Sphinx,0.9,0.05,5554
Sphinx,0.9,0.05,5622
Sphinx-Loop,0.95,0.1,3304
Sphinx-Loop,0.95,0.1,3317
Sphinx-Loop,0.95,0.1,3338
Sphinx-Loop,0.95,0.1,3344
Sphinx-Loop,0.95,0.1,3351
Sphinx-Loop,0.95,0.1,3362
Sphinx-Loop,0.95,0.1,3371
Sphinx-Loop,0.95,0.1,3377
Sphinx-Loop,0.95,0.1,3397
Sphinx-Loop,0.95,0.1,3443
Sphinx,0.95,0.1,2880
Sphinx,0.95,0.1,2911
Sphinx,0.95,0.1,2913
Sphinx,0.95,0.1,2914
Sphinx,0.95,0.1,2948
Sphinx,0.95,0.1,2950
Sphinx,0.95,0.1,2976
Sphinx,0.95,0.1,2983
Sphinx,0.95,0.1,2989
Sphinx,0.95,0.1,2991
Sphinx-Loop,0.95,0.05,3255
Sphinx-Loop,0.95,0.05,3274
Sphinx-Loop,0.95,0.05,3350
Sphinx-Loop,0.95,0.05,3358
Sphinx-Loop,0.95,0.05,3366
Sphinx-Loop,0.95,0.05,3384
Sphinx-Loop,0.95,0.05,3390
Sphinx-Loop,0.95,0.05,3407
Sphinx-Loop,0.95,0.05,3408
Sphinx-Loop,0.95,0.05,3410
Sphinx,0.95,0.05,2895
Sphinx,0.95,0.05,2918
Sphinx,0.95,0.05,2922
Sphinx,0.95,0.05,2926
Sphinx,0.95,0.05,2928
Sphinx,0.95,0.05,2968
Sphinx,0.95,0.05,2982
Sphinx,0.95,0.05,2990
Sphinx,0.95,0.05,3029
Sphinx,0.95,0.05,3086
Sphinx-Loop,0.96,0.05,2743
Sphinx-Loop,0.96,0.05,2784
Sphinx-Loop,0.96,0.05,2789
Sphinx-Loop,0.96,0.05,2801
Sphinx-Loop,0.96,0.05,2819
Sphinx-Loop,0.96,0.05,2828
Sphinx-Loop,0.96,0.05,2848
Sphinx-Loop,0.96,0.05,2888
Sphinx-Loop,0.96,0.05,2890
Sphinx-Loop,0.96,0.05,2904
Sphinx,0.96,0.05,2356
Sphinx,0.96,0.05,2364
Sphinx,0.96,0.05,2401
Sphinx,0.96,0.05,2410
Sphinx,0.96,0.05,2414
Sphinx,0.96,0.05,2419
Sphinx,0.96,0.05,2420
Sphinx,0.96,0.05,2424
Sphinx,0.96,0.05,2430
Sphinx,0.96,0.05,2448
Sphinx-Loop,0.96,0.1,2787
Sphinx-Loop,0.96,0.1,2803
Sphinx-Loop,0.96,0.1,2804
Sphinx-Loop,0.96,0.1,2818
Sphinx-Loop,0.96,0.1,2826
Sphinx-Loop,0.96,0.1,2849
Sphinx-Loop,0.96,0.1,2874
Sphinx-Loop,0.96,0.1,2884
Sphinx-Loop,0.96,0.1,2899
Sphinx-Loop,0.96,0.1,2964
Sphinx,0.96,0.1,2412
Sphinx,0.96,0.1,2422
Sphinx,0.96,0.1,2430
Sphinx,0.96,0.1,2438
Sphinx,0.96,0.1,2451
Sphinx,0.96,0.1,2500
Sphinx,0.96,0.1,2504
Sphinx,0.96,0.1,2516
Sphinx,0.96,0.1,2540
Sphinx,0.96,0.1,2543
Sphinx-Loop,0.97,0.05,2162
Sphinx-Loop,0.97,0.05,2178
Sphinx-Loop,0.97,0.05,2178
Sphinx-Loop,0.97,0.05,2185
Sphinx-Loop,0.97,0.05,2187
Sphinx-Loop,0.97,0.05,2206
Sphinx-Loop,0.97,0.05,2225
Sphinx-Loop,0.97,0.05,2247
Sphinx-Loop,0.97,0.05,2250
Sphinx-Loop,0.97,0.05,2269
Sphinx,0.97,0.05,1830
Sphinx,0.97,0.05,1850
Sphinx,0.97,0.05,1854
Sphinx,0.97,0.05,1863
Sphinx,0.97,0.05,1865
Sphinx,0.97,0.05,1889
Sphinx,0.97,0.05,1908
Sphinx,0.97,0.05,1920
Sphinx,0.97,0.05,1953
Sphinx,0.97,0.05,1984
Sphinx-Loop,0.97,0.1,2158
Sphinx-Loop,0.97,0.1,2185
Sphinx-Loop,0.97,0.1,2187
Sphinx-Loop,0.97,0.1,2197
Sphinx-Loop,0.97,0.1,2216
Sphinx-Loop,0.97,0.1,2241
Sphinx-Loop,0.97,0.1,2247
Sphinx-Loop,0.97,0.1,2274
Sphinx-Loop,0.97,0.1,2277
Sphinx-Loop,0.97,0.1,2332
Sphinx,0.97,0.1,1831
Sphinx,0.97,0.1,1855
Sphinx,0.97,0.1,1859
Sphinx,0.97,0.1,1878
Sphinx,0.97,0.1,1879
Sphinx,0.97,0.1,1884
Sphinx,0.97,0.1,1896
Sphinx,0.97,0.1,1905
Sphinx,0.97,0.1,1933
Sphinx,0.97,0.1,2051
Sphinx-Loop,0.98,0.05,1561
Sphinx-Loop,0.98,0.05,1649
Sphinx-Loop,0.98,0.05,1672
Sphinx-Loop,0.98,0.05,1696
Sphinx-Loop,0.98,0.05,1704
Sphinx-Loop,0.98,0.05,1728
Sphinx-Loop,0.98,0.05,1739
Sphinx-Loop,0.98,0.05,1740
Sphinx-Loop,0.98,0.05,1744
Sphinx-Loop,0.98,0.05,1786
Sphinx,0.98,0.05,1286
Sphinx,0.98,0.05,1287
Sphinx,0.98,0.05,1311
Sphinx,0.98,0.05,1312
Sphinx,0.98,0.05,1320
Sphinx,0.98,0.05,1349
Sphinx,0.98,0.05,1362
Sphinx,0.98,0.05,1363
Sphinx,0.98,0.05,1379
Sphinx,0.98,0.05,1413
Sphinx-Loop,0.98,0.1,1587
Sphinx-Loop,0.98,0.1,1605
Sphinx-Loop,0.98,0.1,1605
Sphinx-Loop,0.98,0.1,1622
Sphinx-Loop,0.98,0.1,1631
Sphinx-Loop,0.98,0.1,1631
Sphinx-Loop,0.98,0.1,1645
Sphinx-Loop,0.98,0.1,1648
Sphinx-Loop,0.98,0.1,1664
Sphinx-Loop,0.98,0.1,1673
Sphinx,0.98,0.1,1318
Sphinx,0.98,0.1,1328
Sphinx,0.98,0.1,1344
Sphinx,0.98,0.1,1346
Sphinx,0.98,0.1,1352
Sphinx,0.98,0.1,1365
Sphinx,0.98,0.1,1368
Sphinx,0.98,0.1,1373
Sphinx,0.98,0.1,1380
Sphinx,0.98,0.1,1393
Sphinx-Loop,0.99,0.05,1036
Sphinx-Loop,0.99,0.05,1039
Sphinx-Loop,0.99,0.05,1053
Sphinx-Loop,0.99,0.05,1056
Sphinx-Loop,0.99,0.05,1065
Sphinx-Loop,0.99,0.05,1074
Sphinx-Loop,0.99,0.05,1100
Sphinx-Loop,0.99,0.05,1106
Sphinx-Loop,0.99,0.05,1114
Sphinx-Loop,0.99,0.05,1134
Sphinx,0.99,0.05,749
Sphinx,0.99,0.05,751
Sphinx,0.99,0.05,765
Sphinx,0.99,0.05,767
Sphinx,0.99,0.05,782
Sphinx,0.99,0.05,785
Sphinx,0.99,0.05,795
Sphinx,0.99,0.05,797
Sphinx,0.99,0.05,803
Sphinx,0.99,0.05,809
Sphinx-Loop,0.99,0.1,1006
Sphinx-Loop,0.99,0.1,1007
Sphinx-Loop,0.99,0.1,1015
Sphinx-Loop,0.99,0.1,1033
Sphinx-Loop,0.99,0.1,1048
Sphinx-Loop,0.99,0.1,1065
Sphinx-Loop,0.99,0.1,1079
Sphinx-Loop,0.99,0.1,1091
Sphinx-Loop,0.99,0.1,1125
Sphinx-Loop,0.99,0.1,1157
Sphinx,0.99,0.1,750
Sphinx,0.99,0.1,767
Sphinx,0.99,0.1,769
Sphinx,0.99,0.1,773
Sphinx,0.99,0.1,786
Sphinx,0.99,0.1,790
Sphinx,0.99,0.1,797
Sphinx,0.99,0.1,801
Sphinx,0.99,0.1,806
Sphinx,0.99,0.1,819
Sphinx-Loop,1,0.1,425
Sphinx-Loop,1,0.1,427
Sphinx-Loop,1,0.1,430
Sphinx-Loop,1,0.1,433
Sphinx-Loop,1,0.1,434
Sphinx-Loop,1,0.1,436
Sphinx-Loop,1,0.1,436
Sphinx-Loop,1,0.1,440
Sphinx-Loop,1,0.1,450
Sphinx-Loop,1,0.1,461
Sphinx,1,0.1,164
Sphinx,1,0.1,165
Sphinx,1,0.1,165
Sphinx,1,0.1,166
Sphinx,1,0.1,166
Sphinx,1,0.1,167
Sphinx,1,0.1,168
Sphinx,1,0.1,168
Sphinx,1,0.1,169
Sphinx,1,0.1,199
Sphinx-Loop,1,0.05,420
Sphinx-Loop,1,0.05,422
Sphinx-Loop,1,0.05,425
Sphinx-Loop,1,0.05,425
Sphinx-Loop,1,0.05,426
Sphinx-Loop,1,0.05,427
Sphinx-Loop,1,0.05,428
Sphinx-Loop,1,0.05,429
Sphinx-Loop,1,0.05,430
Sphinx-Loop,1,0.05,433
Sphinx,1,0.05,159
Sphinx,1,0.05,160
Sphinx,1,0.05,161
Sphinx,1,0.05,162
Sphinx,1,0.05,162
Sphinx,1,0.05,163
Sphinx,1,0.05,163
Sphinx,1,0.05,163
Sphinx,1,0.05,164
Sphinx,1,0.05,178
